experiment_id,status,seed,experiment_protocol_version,evaluation_split,research_question,comparator_id,accuracy,precision,recall,f1,auc,false_complete_rate,num_parameters,model_size_mb_fp32,cpu_latency_ms,gpu_latency_ms,internal_pause_f1,internal_pause_false_complete_rate,hard_hinglish_f1,hard_hinglish_false_complete_rate,challenge_f1,challenge_false_complete_rate
E1_no_augmentation,completed,42,2,test,data_vs_architecture,,0.8760736196319019,0.8661666008685354,0.8915075172694027,0.8786543852623148,0.9364005199933285,0.13956360642239604,8000386,30.51905059814453,32.490534000098705,6.696917997323908,0.8778135048231511,0.12388818297331639,0.8299319727891157,0.102803738317757,,
E2_augmented,completed,42,2,test,data_vs_architecture,E1_no_augmentation,0.8775051124744376,0.8594594594594595,0.9045103616416091,0.881409621857058,0.9379066002717737,0.14985590778097982,8000386,30.51905059814453,29.07388400286436,6.272178002400324,0.8854961832061069,0.12833545108005082,0.8481012658227848,0.14953271028037382,,
E3_mean_pool,completed,42,2,test,pooling,E2_augmented,0.8605316973415132,0.8375711574952561,0.8967899227956115,0.8661695447409733,0.9298475735679984,0.1762041992589543,7901569,30.142093658447266,28.10361799725797,5.235216000583023,0.869126458530432,0.15438373570520966,0.8354430379746836,0.1588785046728972,,
E4_last_pool,completed,42,2,test,pooling,E2_augmented,0.8732106339468303,0.855817549284886,0.8996342950020317,0.8771790808240888,0.9385692220626124,0.15356113627006998,7901569,30.142093658447266,28.382536000572145,5.266617999295704,0.8761540910538045,0.1365946632782719,0.8805031446540881,0.1308411214953271,,
E5_short_pauses,completed,42,2,test,silence_length,E2_augmented,0.876482617586912,0.8608628060629615,0.9000406338886632,0.8800158919348431,0.9357648313275403,0.14738575545491972,8000386,30.51905059814453,28.792687999084592,5.623063996317796,0.8783610755441741,0.12833545108005082,0.8407643312101911,0.14953271028037382,,
E6_long_pauses,completed,42,2,test,silence_length,E2_augmented,0.872597137014315,0.8486342943854325,0.9089800893945551,0.8777712379831273,0.9334877276120908,0.1642651296829971,8000386,30.51905059814453,29.631396000040695,5.675039999186993,0.8827586206896552,0.1473951715374841,0.85,0.1588785046728972,,
E7_frozen_encoder,completed,42,2,test,architecture,E2_augmented,0.7153374233128834,0.690961057520543,0.7858594067452255,0.7353612167300381,0.7750591399567298,0.3561136270069988,8000386,30.51905059814453,29.873802000074647,6.254531999002211,0.7363914373088685,0.3278271918678526,0.6442953020134228,0.24299065420560748,,
E8_partial_finetune,completed,42,2,test,architecture,E2_augmented,0.874642126789366,0.8507972665148064,0.9106054449410809,0.8796859666339548,0.9332409800378704,0.16179497735693701,8000386,30.51905059814453,32.067156004486606,6.968949999427423,0.8817610062893082,0.144853875476493,0.8717948717948718,0.12149532710280374,,
E11_no_silence,completed,42,2,test,silence_length,E2_augmented,0.8711656441717791,0.8614291354125543,0.8866314506298253,0.8738486183420104,0.935298938450114,0.14450391107451627,8000386,30.51905059814453,25.12321000220254,4.905892003444023,0.87823585810163,0.13024142312579415,0.7973856209150327,0.1588785046728972,,
